{"cameraMode":{"drawMode":0,"name":"Shaded","section":"Shading Mode"},"sceneLighting":false,"audioPlay":false,"sceneViewState":{"m_AlwaysRefresh":false,"showFog":true,"showSkybox":false,"showFlares":true,"showImageEffects":true,"showParticleSystems":true,"showVisualEffectGraphs":true,"m_FxEnabled":true},"in2DMode":false,"pivot":{"x":0.01325218379497528,"y":0.04292692989110947,"z":-0.14042852818965913},"rotation":{"x":0.1741379350423813,"y":0.25893434882164,"z":-0.047519586980342868,"w":0.9488787651062012},"size":0.18794675171375276,"orthographic":true}