{"cameraMode":{"drawMode":0,"name":"Shaded","section":"Shading Mode"},"sceneLighting":false,"audioPlay":false,"sceneViewState":{"m_AlwaysRefresh":false,"showFog":true,"showSkybox":false,"showFlares":true,"showImageEffects":true,"showParticleSystems":true,"showVisualEffectGraphs":true,"m_FxEnabled":true},"in2DMode":false,"pivot":{"x":0.1294804960489273,"y":0.07533013075590134,"z":-0.14456185698509217},"rotation":{"x":-0.1278795599937439,"y":-0.5920476913452148,"z":0.09584753215312958,"w":-0.7899014949798584},"size":0.11386376619338989,"orthographic":false}