{"cameraMode":{"drawMode":0,"name":"Shaded","section":"Shading Mode"},"sceneLighting":true,"audioPlay":false,"sceneViewState":{"m_AlwaysRefresh":false,"showFog":true,"showSkybox":true,"showFlares":true,"showImageEffects":true,"showParticleSystems":true,"showVisualEffectGraphs":true,"m_FxEnabled":true},"in2DMode":false,"pivot":{"x":-10.57640266418457,"y":3.105931282043457,"z":-12.347187042236329},"rotation":{"x":-0.037623271346092227,"y":0.5476312041282654,"z":-0.024660035967826844,"w":-0.8355081677436829},"size":1.149101734161377,"orthographic":false}