{"cameraMode":{"drawMode":0,"name":"Shaded","section":"Shading Mode"},"sceneLighting":true,"audioPlay":false,"sceneViewState":{"m_AlwaysRefresh":false,"showFog":true,"showSkybox":true,"showFlares":true,"showImageEffects":true,"showParticleSystems":true,"showVisualEffectGraphs":true,"m_FxEnabled":true},"in2DMode":false,"pivot":{"x":0.05522197484970093,"y":0.02293558418750763,"z":-0.10223153233528137},"rotation":{"x":0.09735232591629029,"y":0.2725445330142975,"z":-0.027730435132980348,"w":0.9568042755126953},"size":0.11933527141809464,"orthographic":true}